candidate_id,age,experience,cgpa,coding_score,python_score,sql_score,projects,internships,communication_score,shortlisted
C0001,27,2,9.49,93,43,75,4,1,74,0
C0002,24,4,6.65,95,44,94,5,2,70,0
C0003,28,0,9.15,61,40,99,4,0,67,0
C0004,25,4,8.3,72,43,85,0,0,78,0
C0005,27,2,8.27,75,51,58,4,1,40,0
C0006,23,2,7.56,84,99,97,0,2,64,1
C0007,27,0,8.0,62,66,99,4,0,82,0
C0008,28,3,7.59,84,95,74,5,1,77,1
C0009,25,1,8.16,84,81,85,5,0,59,0
C0010,24,2,8.51,73,62,79,0,0,42,0
C0011,28,2,8.7,48,64,95,3,1,90,0
C0012,28,3,8.13,63,60,98,5,1,41,0
C0013,23,3,8.89,47,100,67,3,0,57,0
C0014,26,4,6.57,46,97,40,2,0,83,0
C0015,25,4,6.85,75,91,81,0,1,100,0
C0016,22,1,9.27,57,63,57,5,0,49,0
C0017,28,1,7.29,42,64,87,1,0,44,0
C0018,26,0,6.09,67,84,79,2,1,48,0
C0019,22,4,6.62,45,94,72,3,0,41,0
C0020,25,2,6.89,83,85,51,5,0,73,0
C0021,21,4,9.83,83,71,47,0,2,99,0
C0022,26,2,8.29,60,94,63,4,1,77,0
C0023,29,3,9.73,67,71,55,1,2,100,0
C0024,21,4,8.3,79,44,89,3,2,70,0
C0025,23,3,7.92,93,75,43,2,2,49,0
C0026,27,1,7.25,93,85,77,0,0,89,0
C0027,24,1,8.43,40,81,83,1,0,51,0
C0028,29,0,6.56,75,88,66,0,2,75,0
C0029,23,4,9.59,60,81,48,5,2,93,0
C0030,25,3,9.32,99,97,86,4,2,60,1
C0031,23,2,7.27,82,78,55,2,0,88,0
C0032,27,1,9.81,74,55,95,0,2,86,0
C0033,25,1,9.3,52,72,51,3,2,45,0
C0034,29,2,8.67,96,88,70,5,1,87,1
C0035,27,3,6.49,88,60,63,5,1,88,0
C0036,22,3,7.91,93,100,94,2,0,42,0
C0037,24,4,8.02,93,48,53,5,1,49,0
C0038,29,4,6.93,49,45,84,3,1,44,0
C0039,22,0,6.32,92,90,64,0,1,85,0
C0040,29,1,9.11,83,84,73,2,0,65,0
C0041,25,4,6.49,86,74,42,5,1,100,0
C0042,22,3,8.38,92,78,97,5,0,60,1
C0043,24,2,9.75,49,61,63,3,2,84,0
C0044,27,3,9.5,85,80,93,4,1,65,1
C0045,28,1,7.11,52,93,81,4,0,77,0
C0046,23,3,9.41,76,44,48,5,1,83,0
C0047,21,0,6.0,77,81,65,0,2,65,0
C0048,24,1,6.07,63,62,59,2,0,47,0
C0049,22,2,8.41,41,56,79,5,0,44,0
C0050,28,0,7.46,61,51,49,1,0,54,0
C0051,24,1,7.55,56,62,58,2,2,98,0
C0052,22,2,8.26,75,55,42,4,2,55,0
C0053,26,0,6.77,53,42,63,5,2,40,0
C0054,26,0,6.85,49,69,44,3,0,55,0
C0055,24,1,7.94,74,96,42,1,2,76,0
C0056,26,4,9.02,64,61,97,5,1,42,0
C0057,22,0,8.48,42,48,66,0,2,91,0
C0058,22,0,7.19,86,68,55,1,0,86,0
C0059,24,2,7.72,77,86,88,5,1,70,0
C0060,28,3,6.68,56,76,54,0,2,52,0
C0061,27,1,6.3,51,62,74,1,1,95,0
C0062,29,1,9.13,93,52,51,0,1,55,0
C0063,28,4,7.06,91,71,80,0,0,94,0
C0064,25,4,6.71,63,85,92,1,1,82,0
C0065,22,1,8.77,68,91,83,1,1,60,0
C0066,25,4,8.47,82,86,65,0,0,41,0
C0067,28,2,8.53,64,87,86,4,0,93,0
C0068,29,1,6.92,75,62,73,1,0,66,0
C0069,29,4,6.93,97,84,62,5,1,77,0
C0070,21,1,6.88,99,56,70,2,1,65,0
C0071,29,3,6.7,65,94,89,3,1,97,0
C0072,27,0,8.62,77,79,59,0,0,98,0
C0073,29,1,9.39,40,60,51,0,2,77,0
C0074,28,0,8.9,59,41,62,3,1,85,0
C0075,21,4,9.17,94,76,43,4,2,64,0
C0076,28,0,7.62,67,45,62,3,0,50,0
C0077,28,1,8.62,55,83,87,1,1,47,0
C0078,23,3,7.42,86,57,94,3,2,47,0
C0079,21,4,8.1,56,69,87,0,1,72,0
C0080,28,1,7.93,79,61,40,3,1,92,0
C0081,23,4,6.71,67,93,93,2,1,46,0
C0082,23,2,7.55,97,72,64,5,2,77,0
C0083,21,0,9.86,51,69,41,1,0,60,0
C0084,25,2,6.99,66,56,69,3,1,47,0
C0085,27,1,6.54,93,82,42,0,0,90,0
C0086,29,3,7.67,92,71,97,5,0,93,1
C0087,27,4,9.16,81,81,60,1,2,60,0
C0088,29,0,8.33,98,90,64,0,2,95,1
C0089,28,4,8.72,86,53,59,4,0,59,0
C0090,22,1,6.76,69,97,88,2,1,47,0
C0091,21,4,8.48,80,49,91,4,2,97,0
C0092,27,0,7.29,73,86,61,2,1,85,0
C0093,27,1,9.34,76,99,60,3,1,70,0
C0094,28,4,8.52,45,90,100,1,1,89,0
C0095,25,3,6.8,46,75,72,3,0,96,0
C0096,23,1,6.26,71,73,91,2,1,68,0
C0097,28,1,6.17,71,48,77,2,0,87,0
C0098,26,3,7.49,92,81,100,2,0,48,0
C0099,23,2,7.06,64,67,54,5,1,54,0
C0100,21,0,8.58,72,50,97,0,1,69,0
C0101,23,2,8.0,94,53,97,1,1,65,0
C0102,25,4,7.06,97,78,85,3,1,49,0
C0103,23,3,6.6,46,94,91,3,0,68,0
C0104,21,2,6.51,91,86,54,4,1,93,0
C0105,25,1,9.46,96,93,85,2,1,55,1
C0106,27,4,6.97,51,58,64,2,0,75,0
C0107,27,4,8.61,55,93,60,2,2,59,0
C0108,29,2,9.24,55,54,63,3,2,84,0
C0109,23,2,8.46,82,67,96,4,0,93,0
C0110,27,3,9.44,92,63,97,0,2,76,1
C0111,21,0,7.57,75,47,44,5,0,61,0
C0112,24,2,9.82,52,82,45,1,1,46,0
C0113,24,2,6.53,46,100,88,0,1,62,0
C0114,25,1,6.41,75,48,82,3,2,80,0
C0115,27,4,8.63,86,86,87,5,1,79,1
C0116,27,0,9.77,90,72,83,5,2,68,1
C0117,24,1,9.24,48,72,86,5,2,55,0
C0118,27,3,6.31,71,58,62,2,1,77,0
C0119,23,3,7.12,50,42,43,1,1,67,0
C0120,26,2,9.72,47,49,66,3,2,87,0
C0121,22,2,7.01,72,79,57,3,1,77,0
C0122,29,3,9.12,62,86,60,5,0,70,0
C0123,25,2,9.3,64,81,67,3,1,53,0
C0124,26,0,7.98,95,40,74,1,1,92,0
C0125,24,2,7.55,47,68,61,1,0,72,0
C0126,27,4,7.8,84,89,79,4,1,96,1
C0127,29,2,6.91,61,73,62,4,1,48,0
C0128,27,1,9.56,98,90,42,0,2,96,1
C0129,21,0,7.8,43,52,79,1,1,66,0
C0130,21,1,9.53,79,93,89,1,1,63,1
C0131,29,1,6.42,42,40,49,1,0,52,0
C0132,29,4,9.95,68,73,64,4,2,65,0
C0133,24,0,7.77,80,68,91,5,2,68,0
C0134,29,0,6.19,68,87,88,5,2,90,0
C0135,23,0,6.15,73,86,47,3,1,88,0
C0136,27,0,8.98,73,52,94,5,2,82,0
C0137,26,0,8.64,67,87,50,2,0,67,0
C0138,28,4,9.21,52,88,100,4,2,67,0
C0139,29,2,6.42,54,92,44,1,0,47,0
C0140,25,1,6.14,99,100,97,5,2,62,1
C0141,21,0,8.03,62,68,84,4,2,68,0
C0142,23,2,7.55,83,78,92,5,0,44,0
C0143,28,2,7.85,65,63,94,0,2,81,0
C0144,26,1,9.97,43,65,76,1,2,46,0
C0145,28,4,9.88,65,56,95,0,2,81,0
C0146,29,3,9.77,79,46,98,1,1,75,0
C0147,24,3,9.14,48,52,84,4,0,80,0
C0148,21,2,7.42,94,44,77,3,2,66,0
C0149,21,1,7.65,44,65,68,5,0,97,0
C0150,24,3,8.2,95,88,44,5,0,85,0
C0151,27,2,9.32,71,42,48,2,0,41,0
C0152,22,4,6.27,59,46,98,0,2,64,0
C0153,23,3,7.7,89,97,87,5,2,48,1
C0154,21,2,6.33,50,88,41,4,0,92,0
C0155,25,2,8.06,54,78,40,3,1,66,0
C0156,21,0,9.6,71,92,79,4,0,40,0
C0157,28,4,9.13,67,40,99,0,1,62,0
C0158,21,0,6.91,61,88,90,2,0,49,0
C0159,21,1,9.9,80,56,69,5,0,81,0
C0160,22,0,8.67,56,82,50,4,0,91,0
C0161,22,0,6.04,98,64,67,1,2,64,0
C0162,26,3,7.02,65,98,83,3,1,93,0
C0163,27,2,7.04,83,100,51,4,1,100,0
C0164,25,4,6.28,46,42,78,3,0,42,0
C0165,21,0,9.84,81,54,65,5,2,45,0
C0166,21,4,7.91,96,68,52,1,2,100,0
C0167,23,0,9.58,65,92,98,2,1,97,1
C0168,22,1,7.29,64,82,47,2,2,45,0
C0169,25,0,6.5,49,71,100,1,1,92,0
C0170,26,3,7.9,98,65,100,3,1,41,0
C0171,27,2,6.46,84,99,93,5,1,97,1
C0172,24,1,7.94,58,55,67,4,2,97,0
C0173,27,0,9.68,50,64,97,1,1,57,0
C0174,28,4,8.08,52,93,69,0,1,62,0
C0175,21,1,8.47,92,67,48,3,0,41,0
C0176,26,1,6.63,47,48,78,2,1,51,0
C0177,28,0,6.17,79,95,70,1,1,61,0
C0178,25,1,6.44,43,95,97,2,0,76,0
C0179,24,4,8.39,86,40,60,3,0,59,0
C0180,22,1,6.38,70,68,95,2,2,78,0
C0181,26,4,7.5,67,96,86,1,1,63,0
C0182,26,0,8.2,50,61,73,3,2,87,0
C0183,21,2,7.55,82,55,94,0,2,59,0
C0184,29,1,6.65,40,80,70,1,0,40,0
C0185,26,2,7.1,88,90,91,4,2,40,0
C0186,23,4,9.71,86,83,64,5,1,56,1
C0187,24,1,8.7,91,90,51,1,0,98,0
C0188,24,3,7.98,77,93,40,3,1,40,0
C0189,23,2,6.05,63,80,94,5,1,92,0
C0190,23,1,9.97,93,46,61,1,0,91,0
C0191,23,2,8.69,99,53,79,0,1,84,0
C0192,24,1,7.27,96,68,76,0,0,69,0
C0193,27,0,9.52,86,58,86,4,1,80,1
C0194,24,2,7.03,70,58,40,2,0,86,0
C0195,29,3,8.18,80,41,40,5,2,42,0
C0196,21,3,8.54,85,80,96,3,1,85,1
C0197,28,4,6.88,89,84,81,3,0,94,0
C0198,27,1,9.91,65,54,93,2,1,50,0
C0199,22,2,8.99,88,42,81,0,1,63,0
C0200,28,4,8.23,89,50,60,0,1,61,0
C0201,21,2,6.72,44,92,54,1,0,83,0
C0202,29,1,6.22,59,85,56,4,2,84,0
C0203,29,3,7.28,91,69,61,5,2,65,0
C0204,22,0,9.01,80,96,77,4,2,52,1
C0205,27,3,7.08,50,79,74,4,0,40,0
C0206,23,4,8.16,95,57,84,1,2,63,0
C0207,27,0,8.91,93,90,55,4,0,49,0
C0208,29,4,6.43,72,87,47,2,1,74,0
C0209,24,1,8.74,89,41,86,1,1,63,0
C0210,21,0,6.37,77,71,56,2,2,67,0
C0211,22,4,9.86,66,47,56,1,0,75,0
C0212,21,1,7.95,73,61,93,4,1,55,0
C0213,25,3,6.6,54,45,65,2,0,79,0
C0214,25,1,7.37,71,51,52,2,0,55,0
C0215,27,2,7.65,100,86,56,2,1,98,1
C0216,29,1,9.03,97,96,77,1,0,56,1
C0217,29,1,8.97,60,79,56,3,1,90,0
C0218,23,2,8.45,85,75,87,4,1,93,1
C0219,23,4,6.42,44,54,53,2,1,54,0
C0220,23,4,6.61,45,67,84,5,0,55,0
C0221,24,1,6.38,77,91,45,3,1,54,0
C0222,28,2,8.31,61,96,74,5,0,96,0
C0223,26,2,9.51,57,88,85,4,1,73,0
C0224,28,3,7.74,53,84,53,4,1,50,0
C0225,21,4,6.64,49,57,86,2,2,40,0
C0226,28,0,8.23,85,41,47,2,2,54,0
C0227,24,4,9.25,52,52,100,1,2,65,0
C0228,21,4,8.97,70,84,54,3,0,90,0
C0229,28,3,9.53,69,93,93,3,0,43,0
C0230,24,0,7.11,42,54,100,2,1,82,0
C0231,26,3,6.78,69,59,66,4,1,44,0
C0232,28,0,9.52,45,68,52,2,1,74,0
C0233,24,1,8.63,68,98,88,4,1,52,0
C0234,23,0,7.24,47,81,70,4,0,49,0
C0235,29,3,8.97,83,68,92,2,1,50,0
C0236,23,4,9.26,84,42,95,0,1,57,0
C0237,29,0,8.46,82,58,74,3,2,73,0
C0238,22,0,8.75,83,42,99,5,1,78,0
C0239,22,2,7.5,72,93,45,4,1,80,0
C0240,22,4,8.15,56,53,44,4,1,81,0
C0241,26,1,8.1,87,79,61,0,0,89,0
C0242,23,3,9.39,50,98,97,5,2,62,0
C0243,29,1,9.36,52,94,88,1,1,46,0
C0244,24,4,9.33,89,43,62,0,1,98,0
C0245,21,0,6.04,50,98,64,5,2,78,0
C0246,24,0,9.0,70,99,73,0,1,42,0
C0247,21,4,9.03,67,91,65,4,0,51,0
C0248,25,0,8.71,83,50,86,3,1,46,0
C0249,24,0,9.03,45,97,44,0,0,88,0
C0250,28,0,9.37,80,70,65,1,0,65,0
C0251,28,3,7.88,55,82,59,2,1,72,0
C0252,27,3,8.01,43,71,45,5,2,76,0
C0253,23,2,6.5,74,66,45,0,0,87,0
C0254,21,1,7.54,99,69,98,0,2,54,0
C0255,21,4,8.57,87,82,89,1,1,41,0
C0256,23,4,9.12,95,41,57,3,0,80,0
C0257,26,4,6.87,98,88,43,0,1,46,0
C0258,27,2,6.55,65,48,56,0,2,71,0
C0259,26,3,8.65,96,67,96,3,1,43,0
C0260,26,2,6.01,51,70,53,1,1,59,0
C0261,26,4,6.71,50,99,53,5,0,89,0
C0262,23,1,6.12,76,73,52,5,1,92,0
C0263,26,0,6.67,64,100,46,0,1,75,0
C0264,28,3,6.73,57,95,83,3,1,71,0
C0265,22,3,7.55,58,54,94,0,0,67,0
C0266,25,2,7.61,62,87,54,2,2,52,0
C0267,21,3,9.5,94,64,58,5,2,40,0
C0268,21,4,8.04,77,75,82,4,1,99,0
C0269,25,4,8.89,93,47,86,2,0,95,0
C0270,23,2,6.42,57,48,83,0,1,74,0
C0271,24,4,6.9,65,97,74,1,2,87,0
C0272,23,1,8.81,45,97,56,5,0,69,0
C0273,21,2,6.21,43,76,74,4,2,93,0
C0274,21,1,7.95,83,87,58,2,2,75,0
C0275,25,0,8.4,90,84,59,5,0,96,1
C0276,26,1,8.41,68,78,75,3,0,94,0
C0277,23,0,6.09,98,71,74,1,1,64,0
C0278,29,0,7.29,100,97,71,2,1,55,0
C0279,25,1,8.55,73,91,97,3,2,97,1
C0280,28,2,6.6,56,56,87,0,0,58,0
C0281,21,4,8.78,82,74,83,3,0,40,0
C0282,25,4,8.98,82,76,79,2,1,44,0
C0283,23,0,9.93,92,58,63,2,2,90,1
C0284,21,0,6.84,55,83,100,0,2,61,0
C0285,24,2,9.3,41,68,100,3,1,63,0
C0286,25,3,8.08,73,98,56,3,0,82,0
C0287,27,1,7.49,94,46,46,0,1,84,0
C0288,21,0,6.49,47,67,82,3,1,91,0
C0289,23,4,8.94,52,48,89,5,1,76,0
C0290,22,2,6.94,81,67,40,0,1,92,0
C0291,29,1,7.49,47,45,74,1,0,75,0
C0292,26,2,6.25,69,68,71,2,1,75,0
C0293,23,1,9.21,71,97,75,1,0,43,0
C0294,28,1,9.07,75,56,52,5,1,75,0
C0295,28,0,8.93,86,55,45,5,2,91,0
C0296,22,2,7.2,69,62,97,4,0,92,0
C0297,26,2,6.69,40,70,53,4,2,57,0
C0298,27,4,8.55,82,42,76,4,1,89,0
C0299,22,4,7.98,78,60,87,0,1,55,0
C0300,22,0,6.71,56,65,54,3,1,80,0
C0301,21,0,8.74,98,75,86,5,0,57,1
C0302,28,3,9.96,59,81,43,1,2,61,0
C0303,21,4,8.99,63,76,79,1,0,41,0
C0304,29,1,8.96,89,92,98,1,0,60,1
C0305,26,2,9.8,61,61,55,1,1,75,0
C0306,27,0,6.81,68,81,67,4,2,83,0
C0307,27,2,8.26,61,51,55,1,1,78,0
C0308,23,2,9.92,83,81,43,3,0,86,0
C0309,22,3,6.66,48,100,84,4,1,78,0
C0310,29,4,8.8,76,52,65,1,2,68,0
C0311,28,0,8.34,49,50,67,0,1,93,0
C0312,27,2,8.35,75,93,71,2,2,65,0
C0313,29,0,8.79,76,55,84,2,2,60,0
C0314,24,1,9.72,67,47,41,2,1,56,0
C0315,24,3,9.13,67,79,70,4,0,55,0
C0316,21,1,6.22,81,98,42,1,1,99,0
C0317,28,0,9.41,82,96,93,5,0,70,1
C0318,23,0,6.9,60,79,47,5,0,90,0
C0319,27,4,7.51,63,84,63,5,1,48,0
C0320,22,2,7.85,81,98,54,4,0,70,0
C0321,22,2,7.92,99,41,82,3,0,53,0
C0322,27,1,7.74,79,69,70,0,1,88,0
C0323,26,3,9.75,41,69,48,0,1,76,0
C0324,23,2,8.82,94,51,78,2,1,41,0
C0325,29,4,8.52,47,49,84,2,0,91,0
C0326,26,1,6.2,87,83,41,5,2,87,0
C0327,26,1,9.62,66,50,47,5,0,85,0
C0328,21,4,9.64,61,54,46,2,2,53,0
C0329,24,3,9.12,76,55,95,1,1,98,0
C0330,26,4,6.03,66,56,83,3,2,72,0
C0331,26,3,6.23,96,65,90,3,1,74,0
C0332,25,4,6.9,68,41,78,3,1,97,0
C0333,21,4,6.53,42,89,81,3,2,78,0
C0334,28,0,7.6,83,51,100,2,1,97,0
C0335,25,1,9.69,52,90,96,0,2,86,0
C0336,25,4,7.89,84,65,55,2,1,90,0
C0337,27,4,6.05,49,62,74,3,0,59,0
C0338,24,2,7.13,75,57,69,2,0,41,0
C0339,26,1,6.18,48,71,49,3,1,90,0
C0340,24,2,6.15,93,88,77,4,1,80,0
C0341,23,1,7.1,95,77,57,5,2,58,0
C0342,27,2,7.1,94,96,89,0,0,98,1
C0343,28,4,9.15,66,86,44,4,2,76,0
C0344,24,4,9.9,73,42,92,1,1,57,0
C0345,22,0,7.48,90,77,68,2,1,55,0
C0346,23,2,7.72,40,42,78,1,2,43,0
C0347,21,3,9.38,71,69,99,2,1,51,0
C0348,28,0,7.07,64,100,73,5,0,68,0
C0349,23,2,6.63,68,40,82,4,2,46,0
C0350,27,2,9.41,46,69,84,5,0,53,0
C0351,25,0,6.19,88,84,62,3,0,94,0
C0352,25,4,8.48,42,71,44,5,0,51,0
C0353,27,2,8.25,59,67,69,5,2,74,0
C0354,29,4,7.38,59,60,45,3,1,44,0
C0355,25,0,7.26,92,97,95,2,0,56,0
C0356,21,4,9.09,69,85,97,3,0,97,1
C0357,21,1,6.35,74,52,100,4,0,81,0
C0358,22,3,6.95,74,66,85,5,1,71,0
C0359,26,2,8.93,88,75,83,3,1,49,0
C0360,29,3,8.19,78,46,43,5,2,82,0
C0361,28,4,6.51,66,61,68,4,1,56,0
C0362,25,2,9.53,65,49,62,1,2,44,0
C0363,21,4,7.57,53,78,45,4,2,84,0
C0364,27,1,9.31,56,92,71,0,2,81,0
C0365,25,0,9.15,57,54,81,0,2,48,0
C0366,26,2,8.5,84,54,57,0,2,88,0
C0367,27,1,7.98,91,43,54,5,0,72,0
C0368,23,1,9.92,68,71,79,2,1,75,0
C0369,23,2,6.58,59,62,97,2,0,75,0
C0370,25,4,8.9,92,94,71,2,2,57,1
C0371,26,1,6.76,66,45,48,5,1,48,0
C0372,29,3,7.35,57,63,76,4,0,96,0
C0373,25,1,7.23,43,59,49,2,0,68,0
C0374,21,4,9.79,40,97,59,1,2,100,0
C0375,24,4,9.87,89,76,45,0,0,89,0
C0376,25,3,6.73,40,59,87,4,0,53,0
C0377,25,1,6.09,97,51,95,0,0,64,0
C0378,27,4,8.88,65,72,98,2,0,54,0
C0379,24,2,7.67,84,67,42,4,0,45,0
C0380,21,0,6.36,59,47,81,3,2,95,0
C0381,25,0,8.74,91,40,50,1,2,81,0
C0382,27,0,8.18,62,76,82,2,0,68,0
C0383,26,1,9.92,49,61,56,2,2,54,0
C0384,25,3,6.91,98,45,71,1,2,68,0
C0385,24,4,7.62,50,100,43,1,1,43,0
C0386,22,2,8.17,80,60,43,3,0,57,0
C0387,24,2,9.17,80,71,56,2,2,89,0
C0388,23,1,8.2,44,74,80,5,2,96,0
C0389,21,0,8.45,97,54,58,2,0,88,0
C0390,28,1,6.9,40,44,44,0,1,83,0
C0391,25,3,9.39,56,99,71,4,0,78,0
C0392,24,3,7.71,61,95,61,4,1,55,0
C0393,28,4,6.56,73,85,95,0,0,50,0
C0394,27,4,8.66,95,89,45,4,0,53,0
C0395,22,3,6.86,84,87,74,1,0,42,0
C0396,21,3,6.39,80,45,61,4,0,90,0
C0397,24,3,9.45,68,64,40,4,1,89,0
C0398,28,1,7.84,43,95,59,0,1,81,0
C0399,22,3,9.0,44,85,61,3,2,77,0
C0400,23,2,7.16,50,98,87,4,0,84,0
C0401,21,0,9.15,95,95,94,5,1,81,1
C0402,21,3,6.45,90,79,50,4,1,57,0
C0403,23,0,7.42,60,68,52,3,1,97,0
C0404,25,1,9.91,74,46,98,0,0,59,0
C0405,23,0,9.18,51,79,81,3,2,97,0
C0406,21,1,7.99,65,52,42,0,1,87,0
C0407,21,2,7.36,90,77,48,1,0,64,0
C0408,28,1,9.49,58,57,99,0,1,96,0
C0409,22,1,8.18,84,41,51,1,1,77,0
C0410,23,4,9.03,99,47,62,1,2,52,0
C0411,22,3,9.02,46,50,53,0,1,43,0
C0412,23,3,6.07,86,72,72,5,1,94,0
C0413,27,2,6.51,94,93,57,2,0,53,0
C0414,21,2,8.64,46,100,88,0,0,72,0
C0415,28,3,6.65,65,77,98,4,2,67,0
C0416,22,4,7.02,79,87,80,5,0,91,0
C0417,23,3,9.79,44,66,48,5,0,76,0
C0418,29,4,8.24,60,59,62,4,2,47,0
C0419,27,2,9.0,53,51,49,2,1,83,0
C0420,24,0,8.23,43,82,58,5,2,73,0
C0421,25,2,8.21,62,100,100,1,0,83,0
C0422,22,2,6.38,81,70,86,2,2,44,0
C0423,28,1,7.37,59,66,44,4,1,93,0
C0424,24,1,7.13,54,71,86,2,2,44,0
C0425,29,1,7.56,89,100,91,0,0,70,0
C0426,25,1,9.19,91,49,62,2,0,84,0
C0427,29,4,7.49,84,42,69,1,2,48,0
C0428,24,3,7.81,68,84,64,0,1,81,0
C0429,25,0,7.59,47,66,67,3,2,71,0
C0430,29,2,6.37,80,74,73,4,1,72,0
C0431,28,4,7.76,87,70,84,4,1,42,0
C0432,23,0,6.78,58,54,95,2,2,69,0
C0433,21,4,6.75,87,55,87,5,1,89,0
C0434,23,4,6.38,78,100,86,0,0,51,0
C0435,24,2,7.43,85,52,64,3,2,68,0
C0436,22,3,9.03,67,88,49,0,1,42,0
C0437,21,1,7.11,85,74,53,4,0,65,0
C0438,27,3,7.25,96,91,81,0,2,96,1
C0439,28,2,8.57,66,50,96,3,0,100,0
C0440,27,2,6.78,43,98,85,5,0,69,0
C0441,25,2,9.59,97,60,97,2,0,48,0
C0442,21,0,8.08,54,90,69,1,1,65,0
C0443,27,3,7.79,74,93,94,0,2,41,0
C0444,27,3,8.23,76,50,80,1,2,42,0
C0445,29,4,6.66,40,69,64,4,1,85,0
C0446,23,4,8.45,42,99,53,2,2,43,0
C0447,29,4,7.45,86,87,74,2,0,64,0
C0448,21,2,9.59,63,92,91,0,2,90,1
C0449,21,3,6.68,66,74,87,5,1,52,0
C0450,24,2,8.03,79,61,73,2,0,78,0
C0451,29,0,8.39,100,77,49,0,1,83,0
C0452,26,4,6.13,75,70,74,0,0,74,0
C0453,23,2,7.45,73,53,50,1,0,94,0
C0454,21,2,8.93,68,63,50,2,2,62,0
C0455,24,0,9.28,63,89,60,0,0,48,0
C0456,29,1,7.25,63,88,60,1,1,41,0
C0457,23,3,9.19,81,71,61,3,2,100,1
C0458,29,1,9.87,43,75,84,1,1,93,0
C0459,27,4,9.43,42,71,46,1,0,80,0
C0460,24,2,6.47,73,94,94,0,1,83,0
C0461,23,0,8.96,96,54,56,4,1,70,0
C0462,25,0,7.28,88,82,41,4,0,83,0
C0463,25,3,9.95,62,97,51,5,2,86,1
C0464,23,1,7.94,92,74,96,4,1,41,0
C0465,29,3,6.49,95,42,81,1,0,71,0
C0466,24,2,8.9,91,55,57,5,2,57,0
C0467,25,3,7.29,62,44,93,0,2,52,0
C0468,24,0,9.99,84,60,98,2,2,85,1
C0469,25,0,9.92,44,100,50,1,1,44,0
C0470,27,4,8.62,70,49,55,1,1,97,0
C0471,29,4,6.52,92,58,88,5,1,81,0
C0472,27,2,8.75,80,64,90,0,2,83,0
C0473,25,1,6.37,96,43,57,3,1,49,0
C0474,27,3,6.12,100,100,74,1,0,95,0
C0475,25,2,9.29,96,68,92,3,1,82,1
C0476,23,4,6.84,99,58,98,3,1,64,0
C0477,27,3,7.52,93,82,65,4,2,73,0
C0478,22,4,9.89,45,41,55,0,1,76,0
C0479,29,3,7.35,76,49,45,3,0,69,0
C0480,21,1,7.19,96,100,96,0,2,46,1
C0481,26,2,9.67,49,82,83,4,0,45,0
C0482,27,3,6.44,79,64,82,0,2,93,0
C0483,28,0,9.04,46,59,86,1,2,94,0
C0484,29,0,9.95,78,87,86,3,1,42,0
C0485,22,3,9.61,77,58,87,0,0,52,0
C0486,22,3,8.61,60,62,81,2,2,42,0
C0487,25,3,7.26,100,63,51,0,1,65,0
C0488,25,0,7.02,59,50,99,3,2,96,0
C0489,26,0,9.28,42,85,52,4,2,63,0
C0490,23,3,9.52,90,73,43,4,2,92,1
C0491,28,4,8.1,61,94,78,3,2,45,0
C0492,21,4,6.98,86,67,93,1,2,82,0
C0493,26,1,6.45,43,44,41,1,2,99,0
C0494,24,2,6.35,67,98,65,4,1,97,0
C0495,21,4,8.88,51,44,98,4,2,88,0
C0496,27,0,7.68,77,90,66,3,0,81,0
C0497,29,4,9.62,90,60,66,1,1,51,0
C0498,24,1,8.96,75,51,54,4,0,88,0
C0499,24,1,6.77,86,89,47,1,2,75,0
C0500,26,2,8.46,80,43,46,4,0,41,0
C0501,23,4,7.74,44,93,86,0,2,50,0
C0502,26,0,8.31,52,88,94,2,2,78,0
C0503,27,0,8.95,62,81,85,5,1,73,0
C0504,23,3,9.22,97,59,79,0,1,65,0
C0505,27,0,9.37,89,77,99,5,2,57,1
C0506,23,2,7.02,69,64,51,4,1,60,0
C0507,22,2,6.12,76,53,52,2,0,75,0
C0508,24,0,8.96,64,50,82,2,1,79,0
C0509,28,0,6.43,87,71,56,4,1,91,0
C0510,29,3,7.26,66,50,100,4,0,85,0
C0511,27,0,6.02,90,100,56,1,1,83,0
C0512,21,3,8.73,53,57,95,4,2,61,0
C0513,23,3,6.67,96,66,75,3,0,92,0
C0514,29,0,8.62,87,94,60,4,2,98,1
C0515,21,1,9.97,98,93,47,3,0,69,1
C0516,29,1,6.29,86,57,44,4,2,89,0
C0517,28,3,6.31,93,95,65,1,2,82,0
C0518,21,0,7.36,75,62,55,3,1,100,0
C0519,26,1,9.47,78,50,75,0,2,99,0
C0520,25,0,6.86,55,60,67,3,1,69,0
C0521,26,0,7.44,95,83,93,1,0,47,0
C0522,25,0,6.27,61,44,68,5,2,73,0
C0523,26,4,9.05,60,62,86,3,2,96,0
C0524,25,0,7.63,93,80,51,4,0,86,0
C0525,25,4,9.04,60,98,76,4,0,48,0
C0526,24,3,9.61,47,64,69,5,2,90,0
C0527,23,1,6.93,88,80,62,1,0,59,0
C0528,23,1,9.23,55,93,55,2,1,79,0
C0529,24,1,6.24,98,49,53,4,0,64,0
C0530,29,1,9.6,94,61,49,0,0,58,0
C0531,22,1,8.6,70,58,46,1,2,44,0
C0532,29,1,9.5,81,40,84,3,1,50,0
C0533,21,1,6.0,49,46,91,3,0,54,0
C0534,21,3,6.68,71,43,99,0,1,47,0
C0535,25,0,7.56,98,40,100,4,1,58,0
C0536,26,2,7.52,73,54,76,1,1,62,0
C0537,26,4,6.91,48,79,68,0,2,66,0
C0538,23,2,7.53,56,51,42,4,0,79,0
C0539,27,2,6.52,50,61,54,1,2,71,0
C0540,29,0,7.65,71,61,75,3,0,65,0
C0541,28,0,9.21,49,89,86,1,0,66,0
C0542,26,0,7.92,61,86,85,5,2,58,0
C0543,28,1,6.07,96,56,91,2,1,89,0
C0544,25,3,7.69,56,68,58,1,1,81,0
C0545,28,1,6.11,43,85,52,2,0,68,0
C0546,24,3,9.86,87,53,81,1,2,78,0
C0547,28,3,6.51,91,89,60,2,1,99,0
C0548,22,2,8.83,86,59,76,5,1,80,0
C0549,25,2,9.89,64,89,66,3,0,72,0
C0550,29,3,9.3,98,87,94,4,0,58,1
C0551,24,3,8.8,60,72,91,2,2,76,0
C0552,26,1,9.36,76,94,68,5,0,58,0
C0553,21,1,9.93,77,98,59,2,1,72,1
C0554,29,2,8.49,88,82,64,3,1,86,0
C0555,21,0,8.24,40,54,45,2,1,55,0
C0556,25,3,8.51,64,51,75,5,1,62,0
C0557,24,1,8.13,90,79,41,5,2,46,0
C0558,23,2,8.54,75,93,61,0,2,65,0
C0559,26,1,7.8,56,59,71,3,0,71,0
C0560,22,3,6.87,80,69,55,0,0,51,0
C0561,23,3,6.48,63,77,57,3,0,47,0
C0562,25,4,6.27,41,42,44,2,2,44,0
C0563,29,0,7.05,79,67,93,5,1,81,0
C0564,22,4,6.18,54,95,75,0,0,67,0
C0565,28,2,8.27,71,65,69,2,1,92,0
C0566,22,1,7.14,78,69,84,5,0,44,0
C0567,25,2,9.3,98,52,58,3,0,88,0
C0568,27,3,6.3,45,52,62,5,0,65,0
C0569,28,4,6.91,40,41,73,2,0,44,0
C0570,21,4,8.92,86,76,52,0,0,61,0
C0571,26,4,8.4,62,88,82,0,1,54,0
C0572,21,2,6.26,97,77,93,5,0,52,0
C0573,22,3,9.51,78,41,68,2,1,67,0
C0574,21,1,9.51,100,75,75,1,2,72,1
C0575,25,1,7.32,96,93,61,3,0,82,0
C0576,29,2,7.36,56,65,91,3,1,62,0
C0577,26,4,9.96,73,50,91,2,2,72,0
C0578,21,0,8.5,98,47,86,1,2,82,0
C0579,21,2,8.13,80,83,75,0,2,57,0
C0580,22,2,9.35,68,79,48,4,1,89,0
C0581,29,3,7.14,48,82,78,4,0,92,0
C0582,23,1,7.72,52,61,90,2,0,69,0
C0583,21,2,7.07,45,59,58,1,1,65,0
C0584,25,2,9.16,45,47,77,1,0,55,0
C0585,27,4,8.29,59,68,45,3,1,52,0
C0586,26,4,8.64,91,79,91,0,0,78,0
C0587,21,0,7.01,92,65,86,5,2,72,0
C0588,25,3,6.88,42,69,54,1,0,65,0
C0589,25,0,7.95,56,56,96,5,1,87,0
C0590,26,4,8.95,88,59,59,4,1,40,0
C0591,23,1,8.1,51,91,48,5,2,88,0
C0592,25,4,6.13,87,94,71,0,1,77,0
C0593,27,3,9.47,86,55,43,0,0,41,0
C0594,25,4,6.26,84,85,89,5,0,88,0
C0595,25,3,9.82,94,82,57,2,2,45,0
C0596,25,3,6.1,40,46,44,1,1,85,0
C0597,23,3,8.78,56,55,59,2,2,89,0
C0598,21,3,6.33,42,84,62,5,0,77,0
C0599,25,3,9.64,65,98,50,1,2,81,0
C0600,29,1,7.86,54,86,76,3,1,63,0
C0601,21,0,6.55,75,95,61,2,2,57,0
C0602,23,2,7.36,71,87,97,2,1,66,0
C0603,24,0,6.66,71,66,43,5,1,80,0
C0604,21,3,6.68,43,92,68,4,0,47,0
C0605,21,1,9.79,57,62,83,5,0,67,0
C0606,28,4,7.78,88,63,73,2,0,49,0
C0607,22,1,9.16,58,48,52,1,1,56,0
C0608,28,3,8.56,82,74,81,4,2,94,1
C0609,27,1,8.71,91,90,48,5,1,68,0
C0610,22,1,6.53,74,59,81,5,0,97,0
C0611,26,3,6.94,79,76,70,2,0,45,0
C0612,26,1,9.15,53,81,46,2,2,53,0
C0613,23,2,9.88,97,56,43,3,0,61,0
C0614,22,2,7.05,72,86,58,5,0,93,0
C0615,21,1,7.09,53,70,81,2,0,45,0
C0616,26,4,7.89,73,94,69,0,2,65,0
C0617,25,3,9.94,100,96,70,4,1,78,1
C0618,29,2,7.08,94,47,74,0,0,51,0
C0619,21,4,7.63,43,54,96,4,2,74,0
C0620,27,1,9.57,63,70,60,5,0,53,0
C0621,25,4,6.01,98,92,100,3,2,61,1
C0622,25,0,6.16,68,69,70,2,0,90,0
C0623,22,2,8.42,58,85,58,2,2,62,0
C0624,23,1,9.63,45,59,70,2,0,87,0
C0625,27,3,6.96,96,99,92,5,1,46,1
C0626,26,1,7.88,72,78,71,4,0,79,0
C0627,22,3,7.8,88,92,41,2,2,89,0
C0628,26,1,7.89,79,94,98,0,0,64,0
C0629,22,4,8.49,58,51,91,2,1,52,0
C0630,22,4,7.88,92,88,49,5,0,60,0
C0631,22,4,7.79,40,56,41,3,2,80,0
C0632,23,0,7.9,44,81,41,0,2,49,0
C0633,22,3,8.36,66,69,99,2,1,92,0
C0634,24,4,8.15,55,68,63,2,2,94,0
C0635,29,0,9.42,45,58,56,1,0,98,0
C0636,26,3,6.2,79,85,71,4,0,48,0
C0637,21,1,9.33,52,50,55,0,0,54,0
C0638,28,0,9.38,87,73,55,1,2,91,1
C0639,27,2,7.14,74,89,85,3,0,41,0
C0640,23,0,7.85,58,46,78,4,0,64,0
C0641,21,0,7.75,51,83,92,0,0,52,0
C0642,25,3,6.87,55,97,70,2,1,73,0
C0643,24,1,7.59,98,73,82,0,2,90,1
C0644,28,2,6.18,82,98,63,2,2,97,0
C0645,21,4,7.11,49,59,40,4,2,73,0
C0646,21,4,9.27,64,89,50,2,1,74,0
C0647,24,0,7.14,59,77,94,3,2,77,0
C0648,28,3,9.27,70,63,60,5,1,42,0
C0649,25,3,8.13,43,49,43,2,1,81,0
C0650,22,4,9.52,83,71,46,3,2,95,0
C0651,26,2,8.3,62,91,65,5,0,98,0
C0652,25,1,6.12,41,54,86,4,0,45,0
C0653,22,2,8.7,95,76,89,4,2,94,1
C0654,23,1,6.18,61,59,51,0,2,87,0
C0655,29,4,7.8,90,42,70,3,1,88,0
C0656,27,1,9.72,96,76,56,3,2,58,1
C0657,27,3,6.66,76,96,72,1,1,42,0
C0658,26,0,7.56,47,79,50,1,2,57,0
C0659,28,0,8.92,46,47,67,5,0,78,0
C0660,24,4,9.53,53,79,71,5,0,48,0
C0661,28,3,8.68,95,83,40,1,2,91,1
C0662,24,2,7.03,94,95,86,5,1,51,0
C0663,28,3,8.7,42,62,67,2,0,44,0
C0664,29,0,7.19,89,79,92,1,1,42,0
C0665,23,0,8.87,55,50,81,3,2,50,0
C0666,23,3,9.82,94,85,46,2,2,96,1
C0667,22,3,8.89,58,47,41,5,0,69,0
C0668,23,0,9.45,90,68,81,4,2,43,0
C0669,23,2,6.01,57,69,63,0,0,44,0
C0670,25,4,8.87,91,95,43,1,1,40,0
C0671,25,4,9.32,55,99,83,4,0,66,0
C0672,22,3,6.16,47,49,58,5,0,67,0
C0673,26,4,9.49,99,78,65,3,1,68,1
C0674,25,0,7.03,72,67,50,0,0,57,0
C0675,26,0,8.66,88,88,79,4,0,51,0
C0676,21,3,9.2,51,75,89,0,2,52,0
C0677,25,3,8.65,92,100,82,1,1,80,1
C0678,29,3,6.37,50,52,50,5,0,41,0
C0679,22,2,8.39,44,71,84,3,1,76,0
C0680,21,4,8.2,66,75,42,5,1,84,0
C0681,29,3,9.6,51,76,51,0,0,55,0
C0682,29,1,7.62,56,65,42,4,2,87,0
C0683,29,1,7.28,45,61,81,1,1,63,0
C0684,26,0,9.0,72,43,66,1,0,74,0
C0685,28,4,7.65,44,70,88,5,1,61,0
C0686,21,3,8.58,96,57,93,4,2,75,1
C0687,24,1,8.59,67,77,41,4,2,50,0
C0688,21,4,9.55,53,63,88,0,2,94,0
C0689,28,0,8.39,44,95,55,5,0,97,0
C0690,21,2,8.01,93,62,41,5,0,85,0
C0691,23,4,6.56,95,61,99,2,2,68,0
C0692,24,4,6.46,98,41,93,5,0,74,0
C0693,28,2,6.62,72,70,69,1,2,87,0
C0694,26,4,6.69,89,94,59,0,0,93,0
C0695,27,0,8.55,87,50,77,4,2,54,0
C0696,28,0,8.96,80,67,67,5,1,99,0
C0697,22,2,8.12,58,85,64,0,2,70,0
C0698,28,3,9.32,61,71,71,5,2,81,0
C0699,23,1,9.97,44,44,100,4,0,80,0
C0700,27,3,9.28,98,77,49,3,0,82,0
C0701,23,4,8.78,41,49,99,4,0,55,0
C0702,27,1,8.13,69,79,81,4,0,49,0
C0703,22,2,7.8,86,85,79,4,0,88,0
C0704,26,2,6.34,78,63,72,5,0,71,0
C0705,23,1,7.6,43,74,52,2,1,90,0
C0706,23,0,9.64,72,83,95,4,2,41,0
C0707,29,1,9.23,52,87,80,1,2,63,0
C0708,27,4,6.86,59,99,93,1,2,62,0
C0709,25,0,7.87,93,62,81,0,1,41,0
C0710,27,2,9.27,46,56,86,2,2,77,0
C0711,29,1,6.27,54,40,76,0,1,70,0
C0712,21,3,7.55,62,94,93,1,1,90,0
C0713,27,3,9.41,53,70,55,1,1,79,0
C0714,26,4,7.62,62,70,84,3,2,65,0
C0715,29,3,6.31,58,81,61,4,1,68,0
C0716,21,1,8.17,93,96,96,1,2,42,1
C0717,24,1,9.45,68,94,59,5,2,97,1
C0718,29,3,8.36,95,81,89,5,0,53,0
C0719,24,1,6.91,59,92,82,0,0,64,0
C0720,23,4,7.54,68,95,66,0,1,87,0
C0721,29,0,7.8,63,73,80,4,1,40,0
C0722,22,4,8.32,57,48,55,4,2,92,0
C0723,24,4,9.04,49,61,73,3,1,42,0
C0724,26,1,6.4,80,52,71,2,1,93,0
C0725,22,0,9.56,96,64,65,0,2,65,0
C0726,28,1,6.05,47,87,64,4,1,57,0
C0727,28,2,7.48,65,57,41,0,1,48,0
C0728,21,1,6.11,68,90,51,4,2,77,0
C0729,23,1,7.57,49,51,79,1,2,62,0
C0730,29,1,8.1,56,79,48,0,0,60,0
C0731,25,0,8.05,41,56,51,1,2,96,0
C0732,26,1,6.66,45,54,65,0,0,40,0
C0733,24,0,8.58,97,81,48,2,1,60,0
C0734,22,3,6.18,44,54,49,3,2,66,0
C0735,28,2,9.05,67,54,71,5,2,81,0
C0736,26,0,9.79,80,94,96,5,2,98,1
C0737,25,3,7.36,44,78,73,5,1,45,0
C0738,29,0,8.07,57,52,87,1,0,94,0
C0739,21,0,7.52,65,56,59,4,1,83,0
C0740,25,2,6.03,59,71,78,5,1,75,0
C0741,26,4,7.54,80,48,99,2,2,67,0
C0742,25,4,9.17,88,79,41,5,0,84,0
C0743,26,0,8.38,66,59,40,0,1,56,0
C0744,26,1,6.41,88,65,90,1,2,98,0
C0745,27,3,9.39,51,66,99,0,1,79,0
C0746,24,1,8.12,46,60,75,0,1,97,0
C0747,28,1,9.37,98,57,63,0,2,91,1
C0748,27,0,8.32,42,52,93,3,2,42,0
C0749,29,0,8.24,49,55,66,3,0,51,0
C0750,27,0,6.42,73,48,41,4,1,78,0
C0751,23,0,6.67,64,51,70,1,2,51,0
C0752,23,4,9.89,74,83,96,2,2,41,0
C0753,28,0,6.91,55,77,53,2,0,95,0
C0754,25,4,9.91,41,58,41,2,0,85,0
C0755,24,4,8.13,99,99,68,0,2,61,1
C0756,28,0,6.54,63,46,54,3,0,62,0
C0757,26,2,6.4,49,96,51,1,2,69,0
C0758,22,3,6.84,77,74,76,0,1,44,0
C0759,24,1,9.7,61,87,67,3,0,48,0
C0760,24,4,7.66,65,57,59,3,1,60,0
C0761,26,3,7.58,82,55,100,5,1,50,0
C0762,26,2,7.25,94,94,78,5,1,44,0
C0763,21,1,6.59,78,78,63,1,2,74,0
C0764,28,1,7.95,66,43,60,1,1,66,0
C0765,26,4,6.52,68,98,49,1,1,88,0
C0766,23,0,9.34,86,64,85,0,1,41,0
C0767,29,2,7.48,77,71,53,4,2,63,0
C0768,22,4,7.5,59,79,76,1,1,70,0
C0769,28,2,7.9,66,52,57,5,1,72,0
C0770,23,0,7.78,80,84,63,4,0,78,0
C0771,25,0,9.98,93,56,53,0,2,69,0
C0772,26,4,8.18,59,88,73,4,1,85,0
C0773,26,0,6.35,83,76,97,2,0,76,0
C0774,24,3,8.43,58,45,51,4,2,90,0
C0775,23,1,6.61,59,58,61,1,2,67,0
C0776,24,4,6.12,74,52,95,0,2,99,0
C0777,21,2,9.88,86,96,45,1,2,70,1
C0778,24,3,9.09,41,99,75,5,2,50,0
C0779,21,4,9.92,69,65,84,2,2,62,0
C0780,21,0,7.91,92,53,75,5,1,96,0
C0781,26,0,8.13,73,70,61,1,1,41,0
C0782,25,0,6.67,61,93,53,1,1,79,0
C0783,24,0,6.99,42,43,55,1,1,80,0
C0784,23,2,9.35,45,99,100,3,0,66,0
C0785,21,3,7.42,54,78,75,2,1,74,0
C0786,26,1,9.31,66,47,95,1,2,41,0
C0787,22,2,8.84,49,64,64,1,1,78,0
C0788,28,2,6.71,48,52,71,5,1,76,0
C0789,25,1,8.03,72,71,72,5,2,60,0
C0790,27,1,8.71,71,98,84,1,1,97,1
C0791,22,0,6.94,87,77,75,0,1,44,0
C0792,28,2,9.32,45,77,59,3,1,91,0
C0793,22,4,8.18,80,95,57,5,0,84,0
C0794,24,1,6.66,98,67,77,0,1,60,0
C0795,21,1,8.33,75,92,42,3,2,68,0
C0796,25,3,10.0,98,69,62,1,2,59,1
C0797,29,4,6.6,99,42,71,2,1,100,0
C0798,21,4,9.27,41,67,84,4,1,77,0
C0799,29,1,6.83,68,42,98,4,1,59,0
C0800,28,0,9.13,43,84,55,1,2,89,0
C0801,26,3,8.94,40,93,98,5,2,64,0
C0802,27,4,7.2,58,73,44,0,0,41,0
C0803,23,1,7.3,65,55,43,2,0,96,0
C0804,21,4,9.17,64,61,60,3,0,71,0
C0805,25,3,7.85,49,71,79,1,2,65,0
C0806,22,3,8.92,92,100,90,2,0,45,1
C0807,25,2,6.59,54,77,53,2,1,80,0
C0808,28,1,9.41,98,47,78,5,1,96,1
C0809,29,3,8.84,61,94,70,3,2,42,0
C0810,22,2,9.63,90,47,53,2,0,72,0
C0811,23,2,6.53,87,96,45,5,1,40,0
C0812,23,4,8.37,60,45,51,0,2,90,0
C0813,21,4,8.4,98,53,55,5,0,44,0
C0814,28,2,7.41,95,71,56,0,1,52,0
C0815,26,4,7.83,61,74,84,0,0,58,0
C0816,28,3,6.15,75,49,62,2,2,51,0
C0817,29,0,8.98,73,42,53,5,0,87,0
C0818,25,3,8.2,69,98,100,0,2,64,0
C0819,23,2,6.23,64,51,46,3,0,96,0
C0820,25,2,8.72,84,88,85,2,1,90,1
C0821,25,3,7.87,67,98,71,5,2,74,0
C0822,25,4,6.14,40,70,54,5,2,51,0
C0823,23,4,9.88,88,68,83,4,2,69,1
C0824,24,2,9.8,84,44,56,5,0,44,0
C0825,29,1,8.05,43,91,80,2,0,73,0
C0826,29,4,6.37,46,64,93,3,1,61,0
C0827,22,3,9.02,88,80,86,5,2,78,1
C0828,28,4,7.97,48,70,83,4,2,52,0
C0829,28,3,7.21,75,60,73,2,0,96,0
C0830,27,2,7.97,58,97,44,0,0,86,0
C0831,28,4,8.09,40,59,84,1,1,93,0
C0832,23,3,8.25,49,78,66,1,1,42,0
C0833,26,2,7.76,75,61,91,0,0,99,0
C0834,21,1,8.42,48,43,62,5,2,92,0
C0835,27,3,9.67,84,52,79,1,1,59,0
C0836,21,1,7.45,85,84,98,1,0,70,0
C0837,29,1,8.9,81,81,53,0,0,44,0
C0838,21,0,9.58,71,89,54,5,2,63,0
C0839,21,4,7.82,71,88,82,5,0,79,0
C0840,27,3,7.77,45,59,72,0,0,93,0
C0841,22,1,8.41,87,91,92,5,1,72,1
C0842,25,0,8.37,77,52,70,5,0,47,0
C0843,28,2,9.23,56,56,74,2,0,63,0
C0844,28,3,7.91,49,93,56,2,1,89,0
C0845,23,1,9.98,89,75,67,0,2,59,0
C0846,27,4,6.24,66,72,58,3,2,99,0
C0847,23,0,6.01,93,40,85,1,1,55,0
C0848,26,1,8.56,89,54,93,2,1,89,0
C0849,26,4,7.19,74,52,62,1,2,91,0
C0850,23,1,6.96,91,56,71,4,2,51,0
C0851,27,3,7.25,98,63,79,0,2,52,0
C0852,23,3,7.02,60,97,52,3,2,84,0
C0853,28,3,6.12,64,47,98,4,2,81,0
C0854,24,0,9.89,67,89,59,4,1,78,0
C0855,21,3,6.88,86,66,74,5,0,64,0
C0856,24,4,8.94,54,84,44,4,2,85,0
C0857,27,1,9.05,43,62,48,0,2,71,0
C0858,24,2,9.72,68,85,68,2,0,63,0
C0859,26,4,6.12,98,47,45,0,0,87,0
C0860,29,4,9.49,48,47,64,2,0,86,0
C0861,21,3,8.11,66,98,70,4,0,83,0
C0862,25,0,8.53,65,65,61,4,0,48,0
C0863,27,1,8.58,58,86,41,3,0,79,0
C0864,21,0,9.28,95,98,84,2,1,89,1
C0865,24,1,7.33,67,52,44,4,0,62,0
C0866,26,1,8.93,56,78,99,5,0,89,0
C0867,22,0,8.11,82,76,66,1,1,52,0
C0868,25,4,9.17,96,88,64,3,0,99,1
C0869,21,1,9.96,80,67,47,0,2,98,0
C0870,26,0,6.8,81,64,94,3,2,71,0
C0871,26,1,9.98,89,100,40,1,0,89,1
C0872,24,2,6.36,59,55,59,2,1,54,0
C0873,28,4,6.01,84,94,83,0,2,75,0
C0874,24,3,6.18,79,41,62,0,1,88,0
C0875,28,1,7.37,78,93,71,2,2,44,0
C0876,28,2,8.53,88,57,50,3,0,61,0
C0877,25,3,6.28,92,56,78,4,1,55,0
C0878,24,3,6.02,62,69,86,3,1,80,0
C0879,22,1,9.75,86,78,93,1,1,49,0
C0880,23,0,9.29,71,52,63,5,2,63,0
C0881,23,1,9.24,91,71,50,4,2,57,0
C0882,24,2,9.54,86,89,68,3,2,88,1
C0883,24,3,8.8,72,68,93,5,0,57,0
C0884,25,1,6.42,96,85,65,5,2,46,0
C0885,24,0,7.6,85,69,55,2,0,43,0
C0886,28,1,8.89,44,57,74,1,1,65,0
C0887,26,4,7.12,82,52,59,1,1,44,0
C0888,26,0,8.75,87,82,85,1,0,99,1
C0889,28,2,6.1,73,60,42,4,2,94,0
C0890,27,3,7.22,79,69,40,0,0,55,0
C0891,28,1,8.2,50,60,97,4,1,74,0
C0892,22,0,8.53,100,87,92,3,1,65,1
C0893,29,4,8.31,89,94,86,5,0,57,1
C0894,21,0,8.79,42,56,40,5,2,68,0
C0895,28,4,6.02,97,79,56,0,2,62,0
C0896,24,2,6.4,72,58,41,3,0,92,0
C0897,24,3,9.48,50,91,68,0,0,53,0
C0898,25,2,8.73,55,54,59,5,2,54,0
C0899,28,1,6.45,57,48,45,4,1,88,0
C0900,25,0,9.37,69,91,47,1,0,72,0
C0901,28,4,6.97,87,49,68,5,2,64,0
C0902,21,4,7.91,94,83,87,2,2,60,1
C0903,29,0,6.58,49,70,90,1,1,56,0
C0904,26,0,8.84,57,92,72,5,1,62,0
C0905,23,1,8.67,77,62,42,4,1,96,0
C0906,28,2,6.84,58,91,99,0,1,82,0
C0907,29,4,9.45,75,69,74,1,1,56,0
C0908,26,1,7.61,98,72,44,4,0,97,0
C0909,27,2,7.17,52,96,66,3,2,53,0
C0910,21,1,6.61,95,91,83,2,0,68,0
C0911,25,4,7.06,85,48,51,1,0,59,0
C0912,25,0,6.09,42,93,59,0,0,69,0
C0913,24,0,8.33,49,86,84,3,0,58,0
C0914,26,2,9.37,77,40,59,4,0,92,0
C0915,27,3,8.2,40,83,48,2,1,78,0
C0916,29,2,6.88,94,74,78,0,1,95,0
C0917,21,3,6.13,95,50,43,4,2,52,0
C0918,26,1,6.86,66,73,90,4,0,57,0
C0919,27,1,7.66,85,55,93,1,2,62,0
C0920,23,4,9.04,47,48,58,1,1,85,0
C0921,28,3,6.75,90,71,77,0,1,72,0
C0922,25,4,8.88,85,54,66,5,1,78,0
C0923,29,0,9.47,81,51,84,5,0,79,0
C0924,25,3,7.82,56,72,82,4,0,57,0
C0925,29,2,9.29,48,84,52,1,1,48,0
C0926,24,0,8.22,100,53,52,2,2,72,0
C0927,29,0,8.55,45,96,99,2,2,71,0
C0928,25,2,8.11,82,96,96,4,1,100,1
C0929,29,0,7.85,64,47,61,1,2,93,0
C0930,23,3,6.94,78,47,67,0,1,56,0
C0931,24,4,7.21,88,66,91,0,2,58,0
C0932,29,0,7.16,99,51,86,0,1,66,0
C0933,26,3,8.25,67,40,92,2,2,45,0
C0934,22,1,6.48,72,82,84,1,0,74,0
C0935,27,3,9.67,93,79,61,1,1,95,1
C0936,22,4,8.88,76,81,82,2,1,76,0
C0937,22,3,7.61,48,90,58,0,2,73,0
C0938,21,2,6.63,57,50,47,0,1,59,0
C0939,23,4,9.53,95,78,91,4,1,64,1
C0940,26,1,9.3,98,82,47,5,1,43,0
C0941,28,2,8.89,60,70,81,3,0,49,0
C0942,29,3,7.09,41,56,65,5,0,49,0
C0943,27,4,7.61,100,72,87,1,2,63,0
C0944,24,1,6.41,97,71,90,1,0,60,0
C0945,26,2,6.76,82,97,65,1,2,50,0
C0946,25,1,9.13,98,68,62,5,0,66,0
C0947,28,3,8.86,99,60,82,3,2,55,0
C0948,21,1,8.37,77,60,52,4,0,65,0
C0949,21,0,9.58,97,79,67,5,0,100,1
C0950,26,2,8.33,79,62,48,3,2,100,0
C0951,22,1,7.87,75,95,59,0,1,69,0
C0952,25,3,7.36,89,45,95,0,1,88,0
C0953,21,3,9.76,99,61,58,1,0,55,0
C0954,27,1,6.33,82,89,87,2,2,46,0
C0955,21,3,9.72,76,77,78,1,1,55,0
C0956,24,4,9.31,54,76,90,2,2,74,0
C0957,29,4,6.52,67,84,51,3,1,97,0
C0958,21,4,8.26,57,90,54,0,2,55,0
C0959,24,0,9.47,73,93,70,5,0,79,0
C0960,26,1,8.29,61,47,94,2,2,51,0
C0961,26,0,9.63,50,80,53,3,1,74,0
C0962,28,3,9.77,97,88,50,0,0,88,1
C0963,21,0,7.69,96,74,65,5,2,60,0
C0964,27,3,7.51,52,90,81,2,1,89,0
C0965,21,3,9.75,43,50,66,1,0,82,0
C0966,27,2,8.7,61,63,50,1,2,75,0
C0967,23,4,6.46,46,88,77,1,1,87,0
C0968,28,3,6.17,100,60,73,3,2,56,0
C0969,23,2,8.26,82,90,82,1,2,71,1
C0970,21,4,9.72,93,41,58,4,0,80,0
C0971,28,3,9.38,63,79,45,0,0,45,0
C0972,23,3,8.7,43,58,85,3,1,63,0
C0973,22,0,6.56,67,78,91,5,0,66,0
C0974,21,0,7.02,54,67,77,1,1,59,0
C0975,23,4,9.5,40,98,88,0,2,64,0
C0976,22,3,6.73,94,56,81,2,2,41,0
C0977,22,1,7.11,42,45,67,1,1,48,0
C0978,26,0,6.52,53,58,40,0,2,67,0
C0979,21,4,8.7,77,95,74,4,0,92,1
C0980,22,3,9.78,89,77,79,2,2,100,1
C0981,26,3,7.08,96,67,47,4,0,77,0
C0982,23,1,7.9,40,41,98,5,1,42,0
C0983,24,4,8.54,77,77,91,0,1,59,0
C0984,21,3,10.0,77,94,93,4,2,45,1
C0985,28,0,6.42,60,76,86,5,2,78,0
C0986,27,1,7.99,87,90,95,0,0,72,0
C0987,27,4,7.54,68,91,46,0,0,94,0
C0988,23,1,9.46,44,43,50,4,2,40,0
C0989,23,0,7.9,88,61,78,0,2,76,0
C0990,22,4,6.44,49,65,100,1,1,45,0
C0991,21,1,8.54,67,88,43,0,1,84,0
C0992,27,2,9.08,60,82,64,3,1,73,0
C0993,27,0,6.01,89,75,51,5,2,86,0
C0994,22,0,9.44,46,97,65,0,2,54,0
C0995,27,0,6.74,42,52,77,3,2,84,0
C0996,28,2,8.21,84,91,85,0,1,65,0
C0997,21,2,7.66,86,97,51,0,2,96,0
C0998,29,3,8.88,59,71,82,4,0,53,0
C0999,27,1,7.48,58,56,90,1,2,97,0
C1000,23,3,9.48,74,80,92,5,2,93,1
